"year","week","rainfall","evapotranspiration"
1997,1,26.46666666666667,40.1
1998,1,0.0,22.5
1999,1,0.0,43.1
2000,1,14.533333333333333,31.8
2001,1,9.666666666666668,39.900000000000006
2002,1,8.933333333333334,44.5
2003,1,26.46666666666667,33.5
2004,1,0.0,23.500000000000004
2005,1,36.53333333333334,28.200000000000003
2006,1,24.266666666666666,32.5
2007,1,15.133333333333333,32.6
2008,1,56.0,40.599999999999994
2009,1,17.333333333333332,20.2
2010,1,3.8,38.4
2011,1,7.433333333333333,41.199999999999996
2012,1,79.23333333333333,31.2
2013,1,36.06666666666666,38.4
2014,1,12.266666666666667,46.0
2015,1,5.0,23.3
2016,1,36.8,28.9
2017,1,27.6,28.7
1997,2,38.0,27.099999999999998
1998,2,1.5666666666666667,37.1
1999,2,62.9,26.9
2000,2,0.6666666666666666,33.1
2001,2,7.766666666666666,32.699999999999996
2002,2,65.73333333333333,22.4
2003,2,162.86666666666667,22.2
2004,2,3.2,37.0
2005,2,14.466666666666665,37.699999999999996
2006,2,0.6666666666666666,35.3
2007,2,99.6,26.8
2008,2,2.766666666666667,33.7
2009,2,17.46666666666667,38.9
2010,2,18.0,33.8
2011,2,2.8000000000000003,39.0
2012,2,38.60000000000001,34.2
2013,2,0.06666666666666667,39.2
2014,2,9.933333333333334,36.8
2015,2,13.0,39.400000000000006
2016,2,7.533333333333333,33.7
2017,2,0.1,38.8
1997,3,5.9,35.5
1998,3,3.3999999999999995,31.8
1999,3,55.33333333333333,28.1
2000,3,16.366666666666667,32.0
2001,3,2.433333333333333,32.0
2002,3,35.099999999999994,29.200000000000003
2003,3,0.3333333333333333,34.0
2004,3,0.0,37.4
2005,3,4.8999999999999995,36.0
2006,3,3.4,31.7
2007,3,14.3,30.799999999999997
2008,3,0.0,41.300000000000004
2009,3,34.333333333333336,35.1
2010,3,46.53333333333334,34.1
2011,3,141.0,32.3
2012,3,0.0,34.2
2013,3,6.533333333333333,30.2
2014,3,2.1333333333333333,36.099999999999994
2015,3,0.7333333333333334,44.0
2016,3,32.13333333333333,38.0
2017,3,35.8,31.2
1997,4,12.233333333333333,31.4
1998,4,112.13333333333333,25.299999999999997
1999,4,28.299999999999997,35.2
2000,4,26.133333333333333,27.900000000000002
2001,4,11.5,28.500000000000004
2002,4,5.1000000000000005,33.2
2003,4,7.8999999999999995,30.6
2004,4,20.933333333333334,32.1
2005,4,0.0,40.1
2006,4,168.4,28.900000000000002
2007,4,14.1,30.9
2008,4,61.86666666666667,29.6
2009,4,5.133333333333333,36.0
2010,4,11.166666666666666,38.1
2011,4,199.66666666666666,25.3
2012,4,5.8999999999999995,31.999999999999996
2013,4,0.0,39.4
2014,4,43.93333333333334,31.899999999999995
2015,4,1.1333333333333333,40.8
2016,4,11.866666666666667,37.0
2017,4,4.0,33.3
1997,5,0.0,31.999999999999996
1998,5,3.7666666666666666,33.5
1999,5,2.5,31.6
2000,5,19.8,28.8
2001,5,16.96666666666667,29.599999999999998
2002,5,0.6666666666666666,36.2
2003,5,0.0,33.5
2004,5,55.43333333333332,32.8
2005,5,74.83333333333333,26.799999999999997
2006,5,45.699999999999996,29.3
2007,5,23.866666666666667,35.3
2008,5,13.633333333333333,34.5
2009,5,1.0,36.5
2010,5,97.96666666666665,34.0
2011,5,2.1999999999999997,31.1
2012,5,1.2333333333333334,30.2
2013,5,0.0,38.1
2014,5,9.266666666666667,33.8
2015,5,4.333333333333333,36.6
2016,5,94.8,24.4
2017,5,0.0,35.0
1997,6,25.866666666666664,29.3
1998,6,0.0,37.199999999999996
1999,6,0.13333333333333333,32.9
2000,6,2.1666666666666665,33.2
2001,6,48.83333333333333,27.9
2002,6,16.26666666666667,26.7
2003,6,2.5333333333333337,32.8
2004,6,145.36666666666667,20.7
2005,6,25.933333333333334,33.6
2006,6,60.333333333333336,31.5
2007,6,61.166666666666664,27.400000000000002
2008,6,9.6,26.599999999999998
2009,6,5.666666666666667,36.800000000000004
2010,6,20.5,24.6
2011,6,22.2,30.299999999999997
2012,6,6.666666666666667,31.4
2013,6,39.666666666666664,31.7
2014,6,101.13333333333334,27.3
2015,6,20.166666666666664,29.5
2016,6,1.6666666666666667,28.800000000000004
2017,6,5.85,30.700000000000003
1997,7,4.366666666666666,28.999999999999996
1998,7,5.099999999999999,28.500000000000004
1999,7,2.1333333333333333,26.599999999999998
2000,7,15.333333333333332,24.7
2001,7,229.13333333333333,16.6
2002,7,36.6,19.7
2003,7,0.06666666666666667,29.7
2004,7,29.666666666666664,25.8
2005,7,6.233333333333333,31.299999999999997
2006,7,0.8,31.4
2007,7,2.1333333333333333,28.7
2008,7,19.46666666666667,24.6
2009,7,29.299999999999997,31.1
2011,7,0.5,34.7
2012,7,48.16666666666667,24.5
2013,7,2.1999999999999997,36.2
2014,7,0.3333333333333333,28.199999999999996
2015,7,0.3333333333333333,28.1
2016,7,126.93333333333334,22.5
2017,7,114.45,17.999999999999996
1997,8,85.6,23.700000000000003
1998,8,46.13333333333334,24.499999999999996
1999,8,28.1,23.1
2000,8,0.0,32.099999999999994
2001,8,60.1,24.5
2002,8,19.4,24.7
2003,8,13.133333333333333,25.5
2004,8,43.93333333333334,23.5
2005,8,4.733333333333333,31.699999999999996
2006,8,0.0,30.0
2007,8,1.4666666666666668,30.599999999999998
2008,8,60.466666666666676,24.399999999999995
2009,8,64.96666666666667,25.2
2011,8,11.399999999999999,29.7
2012,8,37.733333333333334,23.6
2013,8,0.0,33.199999999999996
2014,8,19.866666666666667,31.6
2015,8,12.566666666666668,33.0
2016,8,7.166666666666667,32.6
2017,8,2.0,32.7
1997,9,21.466666666666665,25.7
1998,9,30.333333333333332,25.000000000000004
1999,9,34.5,24.699999999999996
2000,9,51.599999999999994,26.799999999999997
2001,9,14.766666666666667,28.099999999999998
2002,9,17.766666666666666,23.800000000000004
2003,9,130.06666666666666,12.0
2004,9,144.26666666666665,20.5
2005,9,4.6,25.7
2006,9,0.9,26.3
2007,9,47.96666666666667,25.0
2008,9,95.53333333333333,22.400000000000002
2009,9,145.66666666666666,22.9
2011,9,69.53333333333333,23.0
2012,9,42.666666666666664,23.5
2013,9,0.06666666666666667,31.299999999999997
2014,9,0.0,32.6
2015,9,26.86666666666667,27.400000000000002
2016,9,45.6,23.799999999999997
2017,9,33.766666666666666,27.4
1997,10,82.5,18.8
1998,10,13.033333333333335,29.0
1999,10,31.83333333333333,18.3
2000,10,5.833333333333333,25.0
2001,10,51.5,20.8
2002,10,3.1666666666666665,26.9
2003,10,48.233333333333334,19.3
2004,10,12.266666666666666,21.1
2005,10,0.0,24.0
2006,10,18.266666666666666,18.0
2007,10,6.433333333333334,23.299999999999997
2008,10,19.433333333333334,20.6
2009,10,182.33333333333334,22.4
2011,10,0.5,25.699999999999996
2012,10,4.133333333333333,20.8
2013,10,2.066666666666667,26.3
2014,10,0.7666666666666666,25.7
2015,10,18.333333333333336,23.6
2016,10,2.1,25.6
2017,10,253.26666666666668,15.299999999999999
1997,11,42.300000000000004,20.3
1998,11,176.9333333333333,19.8
1999,11,0.0,24.099999999999998
2000,11,6.866666666666666,20.799999999999997
2001,11,1.2,21.7
2002,11,15.4,21.400000000000002
2003,11,49.166666666666664,15.599999999999998
2004,11,0.0,24.400000000000002
2005,11,20.466666666666665,20.200000000000003
2006,11,8.866666666666667,18.3
2007,11,62.166666666666664,18.9
2008,11,8.066666666666668,21.7
2009,11,4.2,19.1
2011,11,5.833333333333333,28.099999999999998
2012,11,50.53333333333333,19.2
2013,11,9.266666666666667,24.700000000000003
2014,11,66.26666666666667,23.200000000000003
2015,11,53.00000000000001,24.499999999999996
2016,11,132.73333333333335,16.8
2017,11,21.866666666666664,23.7
1997,12,3.3000000000000003,18.4
1998,12,3.4,19.099999999999998
1999,12,19.366666666666664,17.599999999999998
2000,12,2.6333333333333333,17.900000000000002
2001,12,5.533333333333333,20.7
2002,12,10.0,22.8
2003,12,36.03333333333333,21.400000000000002
2004,12,7.333333333333334,19.4
2005,12,72.49999999999999,18.4
2006,12,69.73333333333333,15.9
2007,12,0.9,20.300000000000004
2008,12,0.0,23.4
2009,12,37.8,18.8
2011,12,104.86666666666667,14.0
2012,12,159.63333333333333,15.3
2013,12,38.86666666666667,19.7
2014,12,7.466666666666666,21.9
2015,12,26.966666666666665,17.7
2016,12,83.0,15.900000000000002
2017,12,14.066666666666666,19.3
1997,13,20.066666666666666,15.7
1998,13,4.7333333333333325,18.6
1999,13,24.23333333333333,15.899999999999999
2000,13,4.6,17.2
2001,13,8.533333333333333,16.4
2002,13,19.633333333333333,18.5
2003,13,91.2,14.8
2004,13,0.0,19.3
2005,13,19.96666666666667,18.5
2006,13,79.03333333333333,14.399999999999999
2007,13,183.56666666666666,12.299999999999999
2008,13,25.400000000000002,16.099999999999998
2009,13,0.6666666666666666,19.5
2011,13,40.03333333333334,16.1
2012,13,6.066666666666666,21.5
2013,13,6.6000000000000005,21.2
2014,13,3.2666666666666666,22.3
2015,13,17.833333333333332,19.099999999999998
2016,13,19.666666666666664,16.799999999999997
2017,13,124.13333333333333,17.5
1997,14,1.2000000000000002,17.5
1998,14,26.93333333333333,14.5
1999,14,77.1,9.6
2000,14,55.833333333333336,9.4
2001,14,142.36666666666667,11.600000000000001
2002,14,18.333333333333332,12.9
2003,14,9.133333333333335,17.5
2004,14,1.8,16.0
2005,14,22.46666666666667,14.700000000000001
2006,14,69.13333333333333,12.999999999999998
2007,14,3.5333333333333337,14.5
2008,14,15.166666666666666,12.8
2009,14,0.3333333333333333,17.1
2011,14,20.733333333333334,15.600000000000001
2012,14,0.3333333333333333,13.3
2013,14,13.7,13.8
2014,14,8.066666666666668,19.599999999999998
2015,14,18.533333333333335,18.0
2016,14,10.2,13.4
2017,14,229.20000000000002,13.3
1997,15,39.76666666666667,13.2
1998,15,50.13333333333333,12.1
1999,15,25.433333333333334,11.3
2000,15,117.36666666666667,11.0
2001,15,182.4,12.100000000000001
2002,15,2.033333333333333,13.899999999999999
2003,15,68.83333333333333,12.100000000000001
2004,15,1.9333333333333333,12.6
2005,15,0.19999999999999998,14.0
2006,15,18.7,12.0
2007,15,6.466666666666668,13.0
2008,15,13.533333333333331,13.499999999999998
2009,15,7.533333333333333,13.600000000000001
2011,15,34.23333333333333,12.4
2012,15,34.800000000000004,15.4
2013,15,0.7333333333333334,14.7
2014,15,101.39999999999999,12.0
2015,15,25.733333333333334,13.200000000000001
2016,15,5.700000000000001,11.9
2017,15,193.0,10.6
1997,16,25.633333333333333,9.8
1998,16,8.266666666666667,12.7
1999,16,6.199999999999999,10.1
2000,16,81.43333333333334,10.4
2001,16,3.666666666666667,9.599999999999998
2002,16,0.06666666666666667,11.899999999999999
2003,16,19.03333333333333,12.700000000000001
2004,16,0.3333333333333333,11.2
2005,16,2.3333333333333335,9.8
2006,16,32.2,9.6
2007,16,5.333333333333333,10.799999999999999
2008,16,170.96666666666664,8.2
2009,16,0.13333333333333333,12.6
2011,16,13.766666666666667,9.200000000000001
2012,16,0.0,12.399999999999999
2013,16,228.5,8.299999999999999
2014,16,126.23333333333333,8.299999999999999
2015,16,90.0,9.0
2016,16,74.53333333333333,10.2
2017,16,12.933333333333332,13.0
1997,17,7.6000000000000005,8.5
1998,17,59.1,7.2
1999,17,115.9,5.7
2000,17,22.099999999999998,8.299999999999999
2001,17,4.333333333333334,9.8
2002,17,98.46666666666667,7.9
2003,17,59.199999999999996,9.2
2004,17,1.0666666666666667,10.1
2005,17,2.1666666666666665,8.5
2006,17,142.3,8.1
2007,17,45.666666666666664,9.0
2008,17,18.866666666666667,6.6
2009,17,78.73333333333333,6.0
2011,17,133.63333333333335,6.1
2012,17,25.866666666666667,9.6
2013,17,22.666666666666668,9.499999999999998
2014,17,6.833333333333333,10.6
2015,17,9.866666666666667,10.799999999999999
2016,17,0.26666666666666666,8.700000000000001
2017,17,18.46666666666667,9.4
1997,18,0.4,8.500000000000002
1998,18,10.1,8.5
1999,18,0.9333333333333333,5.6000000000000005
2000,18,0.19999999999999998,7.6000000000000005
2001,18,169.16666666666666,6.3999999999999995
2002,18,7.133333333333333,8.4
2003,18,28.766666666666666,6.9
2004,18,274.5,5.0
2005,18,111.4,6.5
2006,18,49.53333333333333,7.5
2007,18,73.33333333333334,7.9
2008,18,119.5,6.700000000000001
2009,18,39.63333333333334,7.7
2011,18,106.83333333333333,7.6
2012,18,0.0,7.299999999999999
2013,18,33.96666666666666,9.3
2014,18,14.566666666666666,9.399999999999999
2015,18,44.800000000000004,7.500000000000001
2016,18,4.4,8.100000000000001
2017,18,8.0,8.4
1997,19,0.2,6.800000000000001
1998,19,55.966666666666654,5.6
1999,19,14.4,5.0
2000,19,70.73333333333333,4.1
2001,19,70.80000000000001,6.8
2002,19,1.1666666666666667,6.2
2003,19,0.4666666666666666,6.6
2004,19,22.233333333333334,7.0
2005,19,1.2666666666666666,5.6
2006,19,19.900000000000002,5.1
2007,19,1.8333333333333333,6.699999999999999
2008,19,129.03333333333333,4.5
2009,19,20.53333333333333,5.7
2011,19,37.5,6.799999999999999
2012,19,79.93333333333334,6.6
2013,19,51.3,5.499999999999999
2014,19,24.0,7.4
2015,19,31.5,6.9
2016,19,8.133333333333333,6.3
2017,19,79.73333333333333,5.5
1997,20,15.6,3.7
1998,20,10.533333333333333,3.9999999999999996
1999,20,18.7,4.5
2000,20,12.666666666666666,4.3
2001,20,5.2,5.0
2002,20,0.7333333333333334,3.9000000000000004
2003,20,9.4,5.2
2004,20,110.96666666666667,4.7
2005,20,309.93333333333334,2.9999999999999996
2006,20,9.533333333333335,4.1000000000000005
2007,20,2.5,5.3
2008,20,1.3333333333333333,5.300000000000001
2009,20,39.199999999999996,4.6000000000000005
2011,20,7.466666666666667,4.9
2012,20,30.433333333333334,4.2
2013,20,37.96666666666666,5.199999999999999
2014,20,10.866666666666667,6.000000000000001
2015,20,31.666666666666668,5.3
2016,20,38.46666666666667,4.7
2017,20,34.599999999999994,4.1000000000000005
1997,21,134.0,3.1
1998,21,51.39999999999999,3.8
1999,21,0.7666666666666666,3.4
2000,21,1.4,3.8000000000000003
2001,21,20.36666666666667,3.1
2002,21,53.266666666666666,2.9
2003,21,71.36666666666667,3.5
2004,21,37.8,3.9000000000000004
2005,21,54.4,3.5999999999999996
2006,21,102.96666666666668,3.1000000000000005
2007,21,26.400000000000002,3.7
2008,21,3.566666666666667,3.5
2009,21,12.5,3.5
2011,21,87.16666666666667,4.4
2012,21,23.333333333333336,3.8
2013,21,58.53333333333333,3.8000000000000003
2014,21,18.666666666666664,4.8
2015,21,48.2,3.9999999999999996
2016,21,46.03333333333333,3.0999999999999996
2017,21,70.10000000000001,2.8000000000000003
1997,22,31.799999999999997,2.8
1998,22,11.233333333333334,3.4999999999999996
1999,22,62.13333333333333,2.0
2000,22,104.2,2.0
2001,22,26.733333333333334,1.7000000000000002
2002,22,45.900000000000006,2.7
2003,22,0.8333333333333333,3.4999999999999996
2004,22,66.86666666666667,2.9000000000000004
2005,22,68.13333333333333,2.5
2006,22,33.800000000000004,3.0999999999999996
2007,22,5.6000000000000005,3.0
2008,22,0.4666666666666666,2.6999999999999997
2009,22,19.266666666666666,2.4
2011,22,28.233333333333334,2.6
2012,22,14.3,2.8999999999999995
2013,22,10.4,3.3
2014,22,15.566666666666666,2.7
2015,22,3.966666666666667,2.9
2016,22,33.06666666666667,2.4
2017,22,6.466666666666667,3.5999999999999996
1997,23,86.08333333333334,1.6
1998,23,16.366666666666667,2.3
1999,23,32.53333333333333,2.1
2000,23,15.4,1.5999999999999999
2001,23,2.066666666666667,1.7000000000000002
2002,23,3.633333333333333,2.1999999999999997
2003,23,23.53333333333333,2.9000000000000004
2004,23,26.03333333333333,1.9
2005,23,4.833333333333333,1.8
2006,23,10.8,2.0
2007,23,15.333333333333334,2.4000000000000004
2008,23,10.8,2.5
2009,23,0.0,1.8
2011,23,84.6,2.7
2012,23,27.333333333333332,2.4999999999999996
2013,23,52.0,1.8
2014,23,13.966666666666667,2.6
2015,23,82.0,2.6000000000000005
2016,23,35.36666666666666,2.3000000000000003
2017,23,5.8,2.3
1997,24,29.266666666666666,1.7000000000000002
1998,24,127.10000000000001,1.7000000000000002
1999,24,38.73333333333333,2.1
2000,24,2.4,1.4
2001,24,42.36666666666667,1.2000000000000002
2002,24,35.733333333333334,1.9000000000000004
2003,24,37.93333333333334,2.1
2004,24,17.433333333333334,1.5
2005,24,48.199999999999996,1.1000000000000003
2006,24,36.43333333333333,1.5999999999999999
2007,24,17.799999999999997,1.7000000000000002
2008,24,2.733333333333333,1.7000000000000002
2009,24,173.39999999999998,1.4000000000000004
2011,24,26.1,2.1
2012,24,0.0,1.3000000000000003
2013,24,83.26666666666667,2.1
2014,24,234.33333333333331,1.5
2015,24,3.633333333333333,2.0
2016,24,4.6000000000000005,2.0
2017,24,31.53333333333333,2.0000000000000004
1997,25,52.49999999999999,1.7000000000000002
1998,25,36.233333333333334,1.3
1999,25,1.2,0.9999999999999999
2000,25,9.733333333333334,1.8
2001,25,7.966666666666667,1.7000000000000002
2002,25,67.5,1.3
2003,25,53.93333333333333,2.1
2004,25,74.60000000000001,1.7000000000000002
2005,25,90.3,1.5
2006,25,14.766666666666666,1.0
2007,25,48.8,1.3
2008,25,117.73333333333332,1.2
2009,25,4.1,1.2999999999999998
2011,25,37.00000000000001,2.0
2012,25,35.66666666666667,1.9000000000000001
2013,25,77.16666666666667,1.9
2014,25,20.46666666666667,2.0
2015,25,24.53333333333333,1.2
2016,25,133.93333333333334,1.2000000000000002
2017,25,75.65,1.9000000000000001
1997,26,3.6333333333333333,1.3000000000000003
1998,26,27.766666666666666,1.6
1999,26,17.266666666666666,0.9999999999999999
2000,26,83.9,1.6000000000000003
2001,26,17.566666666666663,1.8
2002,26,50.2,2.1
2003,26,26.23333333333333,1.1
2004,26,19.03333333333333,1.5999999999999999
2005,26,0.0,1.0
2006,26,0.0,1.2
2007,26,92.4,0.8999999999999999
2008,26,123.1,0.9999999999999999
2009,26,20.666666666666668,0.7999999999999999
2011,26,8.733333333333334,1.5999999999999999
2012,26,22.8,1.8
2013,26,2.0,1.1
2014,26,61.53333333333333,1.7
2015,26,4.333333333333333,1.7000000000000002
2016,26,86.13333333333334,2.0
2017,26,42.13333333333333,1.8
1997,27,95.70000000000002,1.4
1998,27,84.53333333333333,1.2999999999999998
1999,27,11.066666666666666,1.9
2000,27,10.4,1.3
2001,27,0.0,0.8999999999999999
2002,27,80.66666666666666,1.6000000000000003
2003,27,33.56666666666666,1.7
2004,27,48.8,1.2
2005,27,73.83333333333333,1.8
2006,27,22.1,1.7
2007,27,73.55,1.8000000000000003
2008,27,20.566666666666666,1.5000000000000002
2009,27,102.89999999999998,1.0
2011,27,47.06666666666666,1.9000000000000004
2012,27,99.13333333333334,1.7
2013,27,6.866666666666667,2.5
2014,27,35.166666666666664,1.6999999999999997
2015,27,13.466666666666669,2.0
2016,27,43.4,1.7000000000000002
2017,27,126.33333333333334,1.9000000000000001
1997,28,22.766666666666666,1.9000000000000001
1998,28,174.43333333333334,1.3
1999,28,163.36666666666667,2.0
2000,28,10.833333333333334,1.7
2001,28,2.9,1.2999999999999998
2002,28,50.733333333333334,1.9000000000000004
2003,28,4.666666666666666,1.2999999999999998
2004,28,23.866666666666667,1.8
2005,28,120.1,2.3
2006,28,17.066666666666666,2.5
2007,28,19.4,1.4000000000000001
2008,28,31.233333333333334,1.2999999999999998
2009,28,51.46666666666667,1.5
2011,28,58.53333333333333,2.4
2012,28,0.6,2.1
2013,28,40.73333333333333,2.0000000000000004
2014,28,106.2,1.6
2015,28,25.43333333333333,1.9
2016,28,56.33333333333334,2.5
2017,28,21.96666666666667,2.2
1997,29,10.966666666666665,1.7999999999999998
1998,29,133.76666666666665,2.2
1999,29,56.33333333333333,2.8000000000000003
2000,29,103.5,2.3
2001,29,45.766666666666666,2.4
2002,29,0.0,2.5
2003,29,4.299999999999999,1.9
2004,29,105.86666666666667,1.5999999999999999
2005,29,29.166666666666664,2.4
2006,29,75.06666666666666,2.3
2007,29,110.89999999999999,2.2
2008,29,58.4,2.1
2009,29,65.56666666666666,1.4000000000000001
2010,29,52.13333333333333,1.6
2011,29,21.566666666666663,2.5999999999999996
2012,29,73.93333333333334,2.5
2013,29,4.433333333333334,2.1999999999999997
2014,29,3.283333333333333,2.8
2015,29,60.13333333333333,1.8
2016,29,62.96666666666667,3.3
2017,29,78.9,2.4
1997,30,0.6,3.5000000000000004
1998,30,33.96666666666667,2.1
1999,30,9.733333333333333,3.4
2000,30,39.63333333333333,3.2000000000000006
2001,30,0.2333333333333333,2.9
2002,30,45.06666666666667,3.3
2003,30,0.0,3.0
2004,30,11.9,2.5
2005,30,16.333333333333332,3.9000000000000004
2006,30,0.0,3.6
2007,30,1.3,3.2
2008,30,97.03333333333333,2.5
2009,30,25.566666666666663,3.1999999999999997
2010,30,9.766666666666667,4.2
2011,30,14.933333333333332,3.5999999999999996
2012,30,167.33333333333334,3.0
2013,30,1.7,3.3000000000000003
2014,30,13.966666666666667,3.2
2015,30,13.799999999999999,3.0
2016,30,75.83333333333333,3.1
2017,30,6.066666666666666,4.1
1997,31,15.799999999999999,3.4000000000000004
1998,31,31.900000000000002,3.8000000000000003
1999,31,62.8,3.8
2000,31,32.16666666666667,4.2
2001,31,11.633333333333333,4.0
2002,31,9.733333333333333,4.1000000000000005
2003,31,78.19999999999999,2.1
2004,31,39.93333333333333,3.0
2005,31,30.3,4.7
2006,31,91.26666666666667,3.8
2007,31,127.69999999999999,3.6000000000000005
2008,31,174.5,3.0
2009,31,45.93333333333332,3.2
2010,31,136.33333333333331,3.6
2011,31,0.9333333333333333,4.5
2012,31,178.10000000000002,3.8
2013,31,10.966666666666667,3.8999999999999995
2014,31,18.599999999999998,5.4
2015,31,44.400000000000006,3.5
2016,31,29.866666666666667,3.7
2017,31,4.800000000000001,4.2
1997,32,0.0,4.5
1998,32,0.26666666666666666,4.8
1999,32,11.533333333333331,5.699999999999999
2000,32,16.9,5.4
2001,32,23.700000000000003,5.5
2002,32,55.66666666666667,4.0
2003,32,13.166666666666668,4.3999999999999995
2004,32,69.23333333333333,3.8
2005,32,41.733333333333334,4.8
2006,32,99.36666666666667,4.8
2007,32,9.1,6.1
2008,32,32.800000000000004,4.3999999999999995
2009,32,4.566666666666666,5.799999999999999
2010,32,98.79999999999998,4.999999999999999
2011,32,50.800000000000004,6.0
2012,32,67.63333333333333,6.000000000000001
2013,32,9.366666666666667,6.2
2014,32,35.03333333333334,4.6000000000000005
2015,32,85.7,5.1
2016,32,6.066666666666666,4.1
2017,32,51.86666666666666,5.5
1997,33,38.266666666666666,4.9
1998,33,117.49999999999999,6.7
1999,33,59.56666666666667,4.9
2000,33,50.233333333333334,7.0
2001,33,7.499999999999999,6.199999999999999
2002,33,14.666666666666668,5.6
2003,33,32.93333333333333,5.8
2004,33,49.06666666666666,5.1000000000000005
2005,33,0.3,9.299999999999999
2006,33,7.166666666666667,7.500000000000001
2007,33,58.7,5.4
2008,33,90.66666666666667,5.3
2009,33,86.33333333333334,4.1
2010,33,53.46666666666667,6.6
2011,33,7.266666666666667,6.9
2012,33,71.73333333333333,7.4
2013,33,57.13333333333333,7.0
2014,33,41.266666666666666,6.5
2015,33,50.86666666666667,5.400000000000001
2016,33,0.0,8.5
2017,33,9.799999999999999,7.499999999999999
1997,34,25.4,5.5
1998,34,21.366666666666667,6.1
1999,34,4.8999999999999995,9.899999999999999
2000,34,67.0,6.9
2001,34,34.06666666666667,6.199999999999999
2002,34,18.3,7.6
2003,34,29.9,6.6
2004,34,18.233333333333334,5.6
2005,34,65.16666666666666,7.8
2006,34,30.46666666666666,7.699999999999999
2007,34,0.23333333333333334,8.4
2008,34,83.13333333333333,6.200000000000001
2009,34,30.599999999999998,6.499999999999999
2010,34,67.53333333333335,9.7
2011,34,0.0,9.700000000000001
2012,34,24.066666666666666,9.0
2013,34,84.63333333333333,8.0
2014,34,82.66666666666667,7.3
2015,34,28.599999999999998,7.0
2016,34,82.33333333333333,6.6000000000000005
2017,34,28.0,9.1
1997,35,27.366666666666667,9.8
1998,35,45.86666666666667,7.9
1999,35,2.333333333333333,11.199999999999998
2000,35,54.30000000000001,9.899999999999999
2001,35,47.3,6.9
2002,35,1.7333333333333332,10.2
2003,35,40.233333333333334,8.399999999999999
2004,35,4.733333333333333,7.6
2005,35,0.0,11.9
2006,35,0.0,10.3
2007,35,46.33333333333333,9.1
2008,35,14.933333333333335,9.0
2009,35,62.433333333333344,8.9
2010,35,22.3,9.8
2011,35,20.333333333333332,10.5
2012,35,3.1999999999999997,10.799999999999999
2013,35,20.7,9.5
2014,35,5.2666666666666675,8.6
2015,35,8.866666666666667,8.9
2016,35,5.566666666666666,9.8
2017,35,211.13333333333333,7.1
1997,36,16.2,8.5
1998,36,1.9333333333333331,9.700000000000001
1999,36,23.066666666666666,11.400000000000002
2000,36,63.53333333333333,9.9
2001,36,66.83333333333333,10.2
2002,36,5.4,10.2
2003,36,54.599999999999994,9.4
2004,36,16.46666666666667,7.800000000000001
2005,36,14.100000000000001,9.1
2006,36,47.46666666666667,8.9
2007,36,24.36666666666667,9.5
2008,36,17.266666666666666,12.1
2009,36,32.2,10.299999999999999
2010,36,117.4,7.0
2011,36,1.0,14.5
2012,36,57.06666666666666,10.7
2013,36,13.399999999999999,11.5
2014,36,27.6,9.0
2015,36,212.23333333333332,7.8999999999999995
2016,36,13.6,10.5
2017,36,22.799999999999997,10.0
1997,37,94.56666666666668,8.8
1998,37,15.066666666666666,10.899999999999999
1999,37,98.20000000000002,13.2
2000,37,6.5,14.200000000000001
2001,37,25.433333333333334,12.4
2002,37,13.399999999999999,12.4
2003,37,34.733333333333334,10.6
2004,37,5.666666666666666,12.5
2005,37,108.7,11.8
2006,37,3.6666666666666665,11.200000000000001
2007,37,30.833333333333332,12.599999999999998
2008,37,83.9,11.100000000000001
2009,37,15.133333333333333,11.2
2010,37,58.96666666666667,12.299999999999999
2011,37,50.53333333333333,12.2
2012,37,52.43333333333334,13.9
2013,37,32.8,10.600000000000001
2014,37,97.85,11.0
2015,37,24.400000000000002,10.899999999999999
2016,37,29.566666666666666,9.899999999999999
2017,37,28.0,13.0
1997,38,7.9,14.3
1998,38,48.30000000000001,12.5
1999,38,14.966666666666665,15.8
2000,38,2.066666666666667,14.5
2001,38,3.833333333333333,15.7
2002,38,48.400000000000006,11.8
2003,38,37.96666666666667,13.1
2004,38,46.3,11.0
2005,38,23.299999999999997,13.099999999999998
2006,38,1.6666666666666667,15.600000000000001
2007,38,33.166666666666664,12.5
2008,38,13.666666666666668,15.6
2009,38,7.3999999999999995,15.500000000000002
2010,38,31.266666666666666,15.5
2011,38,4.233333333333333,15.399999999999999
2012,38,19.2,13.600000000000001
2013,38,28.6,11.8
2014,38,45.483333333333334,9.2
2015,38,21.53333333333333,14.6
2016,38,110.69999999999999,9.4
2017,38,31.0,13.599999999999998
1997,39,123.26666666666665,9.299999999999999
1998,39,12.0,15.4
1999,39,6.233333333333333,19.8
2000,39,31.9,12.6
2001,39,0.0,18.9
2002,39,5.133333333333334,17.0
2003,39,10.466666666666665,15.8
2004,39,58.766666666666666,11.800000000000002
2005,39,13.933333333333334,12.8
2006,39,0.0,21.799999999999997
2007,39,22.333333333333336,14.9
2008,39,1.1666666666666667,16.4
2009,39,74.39999999999999,12.199999999999998
2010,39,15.333333333333332,18.0
2011,39,13.066666666666666,16.000000000000004
2012,39,15.666666666666668,12.6
2013,39,43.4,16.9
2014,39,35.86666666666666,18.0
2015,39,52.833333333333336,14.8
2016,39,134.3,11.7
2017,39,0.0,3.8
1997,40,62.3,15.3
1998,40,20.8,16.7
1999,40,56.96666666666667,18.3
2000,40,31.833333333333332,15.1
2001,40,51.633333333333326,19.7
2002,40,10.666666666666668,15.8
2003,40,94.6,12.7
2004,40,11.433333333333334,14.7
2005,40,116.23333333333332,16.7
2006,40,55.66666666666667,16.900000000000002
2007,40,61.3,16.0
2008,40,8.7,19.0
2009,40,45.0,15.600000000000001
2010,40,6.366666666666667,20.8
2011,40,53.46666666666666,19.6
2012,40,19.766666666666666,19.4
2013,40,10.466666666666667,21.1
2014,40,26.4,17.3
2015,40,19.733333333333334,18.9
2016,40,48.53333333333333,16.7
1997,41,15.633333333333331,17.2
1998,41,12.049999999999999,15.799999999999999
1999,41,8.933333333333334,21.700000000000003
2000,41,38.6,17.1
2001,41,35.86666666666667,17.000000000000004
2002,41,7.066666666666666,20.899999999999995
2003,41,47.93333333333334,16.3
2004,41,89.46666666666667,16.0
2005,41,66.89999999999999,15.600000000000001
2006,41,7.766666666666667,22.2
2007,41,63.666666666666664,18.1
2008,41,48.46666666666667,12.899999999999999
2009,41,85.03333333333333,11.0
2010,41,22.666666666666664,18.7
2011,41,126.63333333333333,13.700000000000001
2012,41,23.433333333333334,17.3
2013,41,33.36666666666667,17.700000000000003
2014,41,8.200000000000001,16.9
2015,41,2.1333333333333333,22.6
2016,41,18.43333333333333,15.8
1997,42,38.800000000000004,19.1
1998,42,64.69999999999999,17.700000000000003
1999,42,17.666666666666668,21.0
2000,42,2.066666666666667,24.599999999999998
2001,42,33.56666666666667,21.5
2002,42,27.266666666666666,19.9
2003,42,44.199999999999996,20.6
2004,42,9.366666666666667,18.0
2005,42,76.33333333333334,19.099999999999998
2006,42,9.033333333333333,17.3
2007,42,41.0,18.3
2008,42,29.333333333333332,20.099999999999998
2009,42,47.2,17.2
2010,42,11.833333333333334,24.9
2011,42,29.933333333333334,20.4
2012,42,38.166666666666664,23.7
2013,42,13.966666666666665,22.099999999999998
2014,42,34.13333333333333,23.1
2015,42,9.933333333333334,20.9
2016,42,5.066666666666666,24.4
1997,43,34.4,19.8
1998,43,17.7,20.5
1999,43,15.533333333333333,19.0
2000,43,20.96666666666667,24.1
2001,43,5.4,19.4
2002,43,20.866666666666667,19.7
2003,43,12.966666666666667,25.2
2004,43,17.733333333333334,22.799999999999997
2005,43,0.0,29.8
2006,43,19.933333333333334,17.7
2007,43,4.4,27.000000000000004
2008,43,48.1,19.9
2009,43,16.0,18.6
2010,43,0.0,31.800000000000004
2011,43,16.8,22.1
2012,43,19.333333333333336,21.0
2013,43,2.3333333333333335,22.6
2014,43,1.2,23.5
2015,43,17.866666666666667,19.699999999999996
2016,43,21.633333333333333,25.499999999999996
1997,44,5.0,29.999999999999996
1998,44,26.55,23.5
1999,44,192.86666666666665,20.0
2000,44,58.43333333333334,24.700000000000003
2001,44,66.9,23.1
2002,44,26.46666666666667,22.4
2003,44,34.6,21.200000000000003
2004,44,60.83333333333333,20.700000000000003
2005,44,3.0,25.8
2006,44,12.133333333333331,22.6
2007,44,5.066666666666667,25.2
2008,44,12.366666666666667,20.6
2009,44,15.76666666666667,22.5
2010,44,9.0,28.5
2011,44,26.53333333333333,29.8
2012,44,8.399999999999999,28.600000000000005
2013,44,4.266666666666667,26.6
2014,44,22.533333333333335,22.1
2015,44,10.0,24.400000000000002
2016,44,3.2,27.900000000000002
1997,45,23.5,22.5
1998,45,40.833333333333336,27.5
1999,45,65.63333333333333,21.299999999999997
2000,45,39.6,18.6
2001,45,27.466666666666665,27.3
2002,45,25.666666666666664,22.6
2003,45,21.73333333333333,22.499999999999996
2004,45,15.2,23.6
2005,45,23.833333333333332,28.0
2006,45,52.43333333333334,23.799999999999997
2007,45,14.699999999999998,20.700000000000003
2008,45,18.866666666666667,22.5
2009,45,8.133333333333333,24.400000000000002
2010,45,3.0,32.8
2011,45,14.366666666666665,28.700000000000003
2012,45,0.0,29.599999999999998
2013,45,77.26666666666668,30.0
2014,45,17.333333333333332,24.4
2015,45,20.933333333333334,27.799999999999997
2016,45,52.93333333333334,28.7
1997,46,26.13333333333333,21.9
1998,46,0.0,32.2
1999,46,31.0,32.0
2000,46,0.5666666666666667,29.3
2001,46,16.466666666666665,24.5
2002,46,7.2,25.6
2003,46,10.133333333333333,22.400000000000002
2004,46,29.633333333333333,26.499999999999996
2005,46,2.8666666666666667,28.700000000000003
2006,46,28.9,26.799999999999997
2007,46,20.533333333333335,26.800000000000004
2008,46,0.0,28.4
2009,46,2.9333333333333336,21.799999999999997
2010,46,17.1,31.599999999999998
2011,46,0.8333333333333333,34.7
2012,46,44.39999999999999,19.700000000000003
2013,46,0.0,34.4
2014,46,36.166666666666664,26.0
2015,46,12.466666666666665,31.799999999999997
2016,46,35.666666666666664,21.4
1997,47,23.933333333333334,22.2
1998,47,16.96666666666667,29.599999999999998
1999,47,29.0,28.500000000000004
2000,47,14.833333333333334,23.200000000000003
2001,47,47.63333333333333,22.900000000000002
2002,47,20.7,26.5
2003,47,5.0,30.0
2004,47,45.13333333333334,21.499999999999996
2005,47,62.516666666666666,23.3
2006,47,7.233333333333333,27.6
2007,47,4.333333333333333,30.499999999999996
2008,47,7.766666666666667,27.9
2009,47,12.0,25.999999999999996
2010,47,26.9,34.9
2011,47,11.0,33.4
2012,47,1.9666666666666668,35.4
2013,47,8.066666666666666,38.800000000000004
2014,47,21.766666666666666,20.9
2015,47,68.26666666666667,20.799999999999997
2016,47,11.733333333333334,36.099999999999994
1997,48,6.266666666666667,32.2
1998,48,29.699999999999996,20.6
1999,48,22.5,29.8
2000,48,27.866666666666664,28.299999999999997
2001,48,109.86666666666667,20.7
2002,48,14.466666666666667,29.599999999999998
2003,48,57.73333333333334,21.0
2004,48,31.63333333333333,25.4
2005,48,2.9000000000000004,30.900000000000002
2006,48,14.966666666666669,26.4
2007,48,14.333333333333334,35.3
2008,48,40.333333333333336,32.300000000000004
2009,48,2.5666666666666664,36.00000000000001
2010,48,4.933333333333334,32.9
2011,48,26.6,34.3
2012,48,0.0,33.8
2013,48,79.2,32.6
2014,48,5.933333333333333,32.6
2015,48,25.8,33.6
2016,48,5.966666666666666,30.700000000000003
1997,49,26.233333333333334,22.3
1998,49,201.63333333333333,21.8
1999,49,22.333333333333336,33.099999999999994
2000,49,37.10000000000001,33.8
2001,49,88.83333333333333,24.9
2002,49,29.46666666666667,31.200000000000003
2003,49,7.733333333333333,33.7
2004,49,52.366666666666674,22.3
2005,49,55.03333333333333,27.1
2006,49,30.266666666666666,28.5
2007,49,50.36666666666666,26.699999999999996
2008,49,4.6,33.099999999999994
2009,49,89.16666666666667,18.6
2010,49,15.866666666666665,32.9
2011,49,62.10000000000001,35.4
2012,49,46.96666666666667,26.200000000000003
2013,49,142.46666666666667,23.0
2014,49,2.2666666666666666,32.89999999999999
2015,49,15.200000000000001,28.900000000000006
2016,49,26.4,25.8
1997,50,5.366666666666667,27.799999999999997
1998,50,4.466666666666667,31.8
1999,50,22.533333333333335,31.5
2000,50,16.133333333333333,27.4
2001,50,42.2,29.4
2002,50,19.8,27.9
2003,50,56.4,30.699999999999996
2004,50,8.0,29.9
2005,50,119.9,27.4
2006,50,0.0,36.4
2007,50,31.033333333333335,27.5
2008,50,34.2,30.8
2009,50,3.5,39.8
2010,50,87.76666666666667,22.299999999999997
2011,50,165.33333333333331,23.099999999999998
2012,50,5.0,36.8
2013,50,0.06666666666666667,35.0
2014,50,28.200000000000003,25.9
2015,50,15.533333333333335,31.599999999999998
2016,50,0.6666666666666666,34.0
1997,51,22.233333333333334,34.9
1998,51,46.13333333333333,30.800000000000004
1999,51,31.86666666666667,29.1
2000,51,1.0,37.7
2001,51,111.96666666666665,24.9
2002,51,46.03333333333333,29.0
2003,51,9.9,36.4
2004,51,31.3,26.199999999999996
2005,51,71.16666666666666,30.699999999999996
2006,51,51.666666666666664,24.6
2007,51,40.4,29.199999999999996
2008,51,25.799999999999997,27.6
2009,51,3.466666666666667,42.2
2010,51,71.99999999999999,30.799999999999997
2011,51,53.2,30.699999999999996
2012,51,19.666666666666668,33.0
2013,51,0.0,42.800000000000004
2014,51,155.0,24.700000000000003
2015,51,8.633333333333333,29.0
2016,51,25.666666666666668,35.7
1997,52,18.53333333333333,35.199999999999996
1998,52,0.26666666666666666,38.2
1999,52,2.0666666666666664,21.200000000000003
2000,52,68.5,26.999999999999996
2001,52,41.400000000000006,28.100000000000005
2002,52,8.666666666666668,34.699999999999996
2003,52,29.199999999999996,25.799999999999997
2004,52,43.96666666666667,23.9
2005,52,3.3,29.199999999999996
2006,52,1.9333333333333333,34.300000000000004
2007,52,5.166666666666667,18.7
2008,52,37.96666666666667,30.400000000000002
2009,52,6.7,40.9
2010,52,13.066666666666666,22.7
2011,52,122.0,34.8
2012,52,218.0,28.6
2013,52,69.43333333333334,28.4
2014,52,0.06666666666666667,34.800000000000004
2015,52,38.06666666666667,35.6
2016,52,0.0,30.299999999999997
2017,52,0.0,5.7
